Lag (hours);PM10 vs WindSpeed (MAG);Temperature vs O3 (CHA)
-6;;-0.0038967842104724783
-5;;-0.05978403621452176
-4;;-0.14465121521582364
-3;;-0.02482240368501976
-2;;0.14957228785186286
-1;;0.02585679287120349
0;;-0.03856376976755545
1;;0.08327747620223128
2;;0.06549797107543322
3;;0.14911156119471278
4;;-0.01891660276596315
5;;-0.017937068291251673
6;;-0.07613703181661383
